epoch,time,train/box_loss,train/cls_loss,train/dfl_loss,metrics/precision(B),metrics/recall(B),metrics/mAP50(B),metrics/mAP50-95(B),val/box_loss,val/cls_loss,val/dfl_loss,lr/pg0,lr/pg1,lr/pg2
1,37.1098,2.57319,3.77963,2.09893,0,0,0,0,2.29435,3.82375,1.83448,0.00038,0.00038,0.00038
2,84.0536,2.30643,3.19709,1.94483,0,0,0,0,2.56322,4.04685,2.10383,0.00058695,0.00058695,0.00058695
3,126.285,2.24747,2.59199,1.85682,0,0,0,0,2.38003,3.72637,1.83395,0.0005959,0.0005959,0.0005959
4,169.673,2.20995,2.35192,1.78765,0,0,0,0,2.2789,3.32437,1.85064,0.00040685,0.00040685,0.00040685
