epoch,time,train/box_loss,train/cls_loss,train/dfl_loss,metrics/precision(B),metrics/recall(B),metrics/mAP50(B),metrics/mAP50-95(B),val/box_loss,val/cls_loss,val/dfl_loss,lr/pg0,lr/pg1,lr/pg2
1,39.7319,2.11583,2.37515,1.73723,0,0,0,0,2.44663,3.19813,1.91502,0.00038,0.00038,0.00038
2,79.0022,2.04362,2.34415,1.70214,0,0,0,0,2.31271,3.31409,1.90899,0.00058695,0.00058695,0.00058695
3,118.759,2.06438,2.22024,1.70863,1,0.04,0.52,0.104,2.50312,2.97103,2.03869,0.0005959,0.0005959,0.0005959
4,158.667,2.10017,2.1489,1.67646,1,0.2,0.6,0.17595,2.43928,2.7471,1.97161,0.00040685,0.00040685,0.00040685
